Protein 1,Residue 1,Protein 2,Residue 2,"Those in Red indicate that though Proteome Discoverer did not call for the exact site, the sequence is indentical in that particular paralog, as discussed on the NuRD Member Sites sheet"
GSE1,624,GSE1,633,
GSE1,648,GSE1,680,
GSE1,973,HDAC1,89,
GSE1,973,HDAC2,90,
HMG20A,124,HMG20A,143,
HMG20A,230,HMG20A,241,
HMG20A,241,HMG20A,230,
KDM1A,117,KDM1A,288,
KDM1A,300,KDM1A,641,
KDM1A,345,KDM1A,768,
KDM1A,456,KDM1A,460,
KDM1A,527,HDAC2,475,
RCOR1,122,HDAC1,67,
RCOR1,122,HDAC1,89,
RCOR1,122,HDAC2,68,
RCOR1,122,HDAC2,90,
RCOR1,122,HDAC2,68,
RCOR1,122,HDAC1,126,
RCOR1,242,RCOR1,349,
RCOR1,349,RCOR1,356,
RCOR3,311,RCOR3,318,
RCOR3,365,RCOR3,383,
ZMYM3,1273,ZMYM3,1275,
